countyfips,year,estimate
117,2050,44747
119,2050,30997
0,2050,8105925
35,2050,460601
41,2050,1075535
43,2050,53846
33,2050,1985
45,2050,101203
47,2050,6179
31,2050,886561
49,2050,24556
51,2050,21348
29,2050,40236
53,2050,1173
55,2050,5653
57,2050,1189
27,2050,5456
59,2050,661428
61,2050,1131
25,2050,6481
63,2050,8948
65,2050,9319
23,2050,3651
67,2050,87369
69,2050,533697
21,2050,8582
123,2050,709951
37,2050,85838
71,2050,12657
73,2050,7891
19,2050,12623
75,2050,28330
77,2050,234435
79,2050,896
17,2050,1608
81,2050,13603
83,2050,41510
15,2050,25257
85,2050,68780
87,2050,41493
14,2050,93952
89,2050,15774
13,2050,428243
91,2050,5710
93,2050,22014
11,2050,5585
95,2050,4192
97,2050,20801
9,2050,2816
99,2050,11414
101,2050,223412
121,2050,4647
39,2050,50645
103,2050,7070
7,2050,24183
125,2050,10944
105,2050,11045
107,2050,42086
5,2050,850305
109,2050,6342
111,2050,716
3,2050,22133
113,2050,15075
115,2050,2196
1,2050,857884
91,2049,5678
123,2049,696870
121,2049,4673
0,2049,8053616
119,2049,30879
117,2049,44336
125,2049,10934
1,2049,847587
115,2049,2197
113,2049,14877
3,2049,21971
111,2049,716
109,2049,6348
5,2049,848877
107,2049,41639
105,2049,11054
7,2049,23817
103,2049,7055
101,2049,222003
99,2049,11438
9,2049,2833
97,2049,20715
95,2049,4191
11,2049,5593
93,2049,22097
13,2049,425964
89,2049,15870
14,2049,94171
87,2049,40995
85,2049,68021
15,2049,25130
83,2049,41076
81,2049,13582
17,2049,1619
79,2049,892
77,2049,232630
75,2049,28185
19,2049,12515
73,2049,7827
71,2049,12705
21,2049,8569
69,2049,528787
67,2049,86667
23,2049,3648
65,2049,9293
63,2049,8871
25,2049,6465
61,2049,1136
59,2049,660945
27,2049,5425
57,2049,1193
55,2049,5686
53,2049,1167
29,2049,39938
51,2049,21260
49,2049,24285
31,2049,888669
47,2049,6179
45,2049,100006
33,2049,1983
43,2049,53576
41,2049,1065322
35,2049,459807
39,2049,50134
37,2049,85046
73,2048,7761
35,2048,458884
14,2048,94379
17,2048,1630
29,2048,39638
15,2048,25006
21,2048,8557
51,2048,21170
19,2048,12407
37,2048,84244
113,2048,14676
61,2048,1141
95,2048,4190
63,2048,8795
91,2048,5647
59,2048,660446
55,2048,5721
25,2048,6449
105,2048,11063
1,2048,837285
123,2048,683833
117,2048,43920
125,2048,10923
99,2048,11463
47,2048,6180
41,2048,1055092
49,2048,24012
71,2048,12756
53,2048,1160
103,2048,7040
81,2048,13563
109,2048,6355
57,2048,1197
11,2048,5602
121,2048,4700
65,2048,9268
23,2048,3645
75,2048,28040
115,2048,2199
85,2048,67258
97,2048,20633
87,2048,40503
27,2048,5396
5,2048,847325
7,2048,23450
3,2048,21808
79,2048,889
0,2048,7999877
119,2048,30762
67,2048,85955
43,2048,53312
107,2048,41188
13,2048,423657
33,2048,1981
93,2048,22180
77,2048,230815
9,2048,2850
89,2048,15966
45,2048,98803
83,2048,40644
69,2048,523833
111,2048,715
39,2048,49620
101,2048,220589
31,2048,889706
119,2047,30647
5,2047,845623
9,2047,2867
87,2047,40015
37,2047,83431
69,2047,518831
89,2047,16062
67,2047,85232
45,2047,97592
109,2047,6362
53,2047,1154
47,2047,6181
125,2047,10913
59,2047,659915
14,2047,94574
61,2047,1146
19,2047,12300
25,2047,6433
11,2047,5612
103,2047,7025
57,2047,1202
0,2047,7945650
115,2047,2201
121,2047,4726
75,2047,27894
7,2047,23081
27,2047,5369
83,2047,40214
93,2047,22264
123,2047,670837
73,2047,7696
55,2047,5759
29,2047,39336
15,2047,24884
51,2047,21079
63,2047,8720
113,2047,14474
91,2047,5616
95,2047,4190
105,2047,11074
39,2047,49104
41,2047,1044831
71,2047,12809
99,2047,11487
49,2047,23737
79,2047,886
1,2047,826969
65,2047,9244
117,2047,43499
97,2047,20553
85,2047,66488
23,2047,3643
13,2047,421315
81,2047,13546
3,2047,21646
107,2047,40731
35,2047,457811
43,2047,53055
33,2047,1978
77,2047,228982
31,2047,890739
17,2047,1642
101,2047,219165
21,2047,8545
111,2047,715
51,2046,20986
57,2046,1206
27,2046,5343
119,2046,30530
97,2046,20474
117,2046,43076
9,2046,2884
99,2046,11511
123,2046,657874
75,2046,27747
121,2046,4753
0,2046,7890564
115,2046,2203
83,2046,39784
73,2046,7630
113,2046,14270
15,2046,24764
41,2046,1034529
71,2046,12864
85,2046,65710
17,2046,1653
3,2046,21484
43,2046,52802
33,2046,1976
21,2046,8533
111,2046,714
1,2046,816631
87,2046,39531
39,2046,48582
45,2046,96371
109,2046,6370
69,2046,513772
14,2046,94754
77,2046,227126
47,2046,6182
67,2046,84496
89,2046,16158
5,2046,843745
31,2046,891766
35,2046,456568
107,2046,40269
13,2046,418923
23,2046,3642
49,2046,23461
65,2046,9219
105,2046,11084
79,2046,883
91,2046,5586
37,2046,82609
63,2046,8647
125,2046,10901
53,2046,1148
29,2046,39032
93,2046,22347
7,2046,22710
19,2046,12193
103,2046,7009
11,2046,5622
25,2046,6418
61,2046,1151
101,2046,217727
81,2046,13530
95,2046,4191
55,2046,5798
59,2046,659114
111,2045,714
59,2045,657947
31,2045,892769
33,2045,1972
61,2045,1157
21,2045,8522
43,2045,52550
107,2045,39811
3,2045,21319
13,2045,416475
23,2045,3641
85,2045,64927
17,2045,1665
49,2045,23178
9,2045,2901
71,2045,12919
37,2045,81774
65,2045,9188
15,2045,24644
97,2045,20391
105,2045,11096
101,2045,216247
91,2045,5557
113,2045,14066
41,2045,1024159
79,2045,880
51,2045,20892
117,2045,42645
95,2045,4193
63,2045,8576
93,2045,22401
53,2045,1141
73,2045,7565
27,2045,5319
29,2045,38724
57,2045,1211
83,2045,39354
35,2045,455143
123,2045,644943
7,2045,22339
119,2045,30424
115,2045,2205
0,2045,7833924
121,2045,4782
125,2045,10890
103,2045,6993
11,2045,5632
25,2045,6401
81,2045,13516
55,2045,5840
69,2045,508654
14,2045,94957
19,2045,12087
75,2045,27595
47,2045,6183
109,2045,6378
45,2045,95137
99,2045,11533
67,2045,83745
89,2045,16254
77,2045,225256
39,2045,48054
1,2045,806263
5,2045,841176
87,2045,39053
75,2044,27442
89,2044,16350
19,2044,11981
31,2044,893683
14,2044,95142
1,2044,795859
25,2044,6385
21,2044,8510
35,2044,453519
61,2044,1163
99,2044,11557
107,2044,39346
43,2044,52302
7,2044,21966
125,2044,10877
39,2044,47519
13,2044,413959
109,2044,6388
95,2044,4195
3,2044,21153
83,2044,38921
85,2044,64135
115,2044,2208
71,2044,12975
49,2044,22894
57,2044,1217
123,2044,632041
29,2044,38413
0,2044,7774929
9,2044,2919
47,2044,6184
65,2044,9157
15,2044,24526
33,2044,1968
121,2044,4812
117,2044,42214
105,2044,11108
87,2044,38577
91,2044,5529
103,2044,6976
101,2044,214745
17,2044,1677
113,2044,13858
97,2044,20308
81,2044,13503
37,2044,80924
55,2044,5883
51,2044,20796
111,2044,713
11,2044,5642
41,2044,1013758
77,2044,222352
45,2044,93891
119,2044,30316
59,2044,656721
63,2044,8506
93,2044,22453
5,2044,837915
79,2044,878
53,2044,1134
23,2044,3641
27,2044,5296
73,2044,7500
69,2044,503472
67,2044,82979
89,2043,16447
17,2043,1688
123,2043,619164
79,2043,876
121,2043,4842
0,2043,7714914
115,2043,2212
117,2043,41783
41,2043,1003264
113,2043,13649
43,2043,52058
3,2043,20985
33,2043,1965
111,2043,713
45,2043,92631
109,2043,6397
47,2043,6184
5,2043,834459
31,2043,894470
107,2043,38876
49,2043,22606
105,2043,11121
51,2043,20699
53,2043,1124
7,2043,21590
119,2043,30208
103,2043,6959
29,2043,38098
101,2043,213218
55,2043,5928
57,2043,1222
9,2043,2937
27,2043,5274
99,2043,11580
59,2043,655420
97,2043,20227
61,2043,1169
35,2043,451678
95,2043,4198
11,2043,5653
25,2043,6369
63,2043,8437
93,2043,22502
65,2043,9124
91,2043,5502
125,2043,10864
39,2043,46976
13,2043,411366
23,2043,3642
67,2043,82198
77,2043,219421
1,2043,785407
14,2043,95308
69,2043,498224
87,2043,38103
21,2043,8497
37,2043,80055
85,2043,63333
71,2043,13034
73,2043,7435
15,2043,24407
83,2043,38487
75,2043,27287
81,2043,13490
19,2043,11875
35,2042,449602
41,2042,992654
119,2042,30099
53,2042,1113
5,2042,830045
113,2042,13436
93,2042,22548
11,2042,5665
55,2042,5974
81,2042,13478
15,2042,24288
45,2042,91356
101,2042,211663
29,2042,37779
73,2042,7369
51,2042,20599
125,2042,10850
103,2042,6940
75,2042,27132
117,2042,41351
7,2042,21212
109,2042,6408
65,2042,9089
37,2042,79168
99,2042,11605
14,2042,95453
59,2042,654026
115,2042,2215
47,2042,6184
105,2042,11134
71,2042,13095
91,2042,5475
87,2042,37631
95,2042,4202
43,2042,51818
25,2042,6352
69,2042,492910
79,2042,874
61,2042,1176
85,2042,62521
83,2042,38048
49,2042,22316
3,2042,20815
39,2042,46423
123,2042,606311
111,2042,714
57,2042,1227
27,2042,5252
0,2042,7651933
1,2042,774897
21,2042,8483
67,2042,81402
9,2042,2956
97,2042,20149
13,2042,408689
17,2042,1700
33,2042,1961
89,2042,16546
63,2042,8369
107,2042,38400
19,2042,11770
31,2042,894042
121,2042,4872
77,2042,216460
23,2042,3643
21,2041,8467
33,2041,1958
111,2041,714
87,2041,37160
117,2041,40917
67,2041,80590
5,2041,825385
71,2041,13158
19,2041,11665
89,2041,16646
29,2041,37456
45,2041,90066
109,2041,6419
14,2041,95574
47,2041,6183
69,2041,487529
35,2041,447277
123,2041,593450
121,2041,4902
59,2041,652524
11,2041,5678
57,2041,1232
97,2041,20072
103,2041,6922
7,2041,20831
95,2041,4208
61,2041,1183
75,2041,26974
83,2041,37606
81,2041,13466
25,2041,6335
115,2041,2219
0,2041,7586590
63,2041,8302
79,2041,873
9,2041,2975
41,2041,981912
53,2041,1103
93,2041,22589
113,2041,13220
101,2041,210078
15,2041,24167
51,2041,20497
39,2041,45858
73,2041,7302
27,2041,5230
65,2041,9052
119,2041,29990
125,2041,10836
43,2041,51580
77,2041,213467
105,2041,11148
91,2041,5449
85,2041,61698
1,2041,764320
55,2041,6021
3,2041,20643
17,2041,1711
23,2041,3645
37,2041,78266
13,2041,405925
99,2041,11630
107,2041,37919
31,2041,892396
49,2041,22025
77,2040,210451
57,2040,1238
61,2040,1190
79,2040,872
101,2040,208436
55,2040,6066
39,2040,45280
29,2040,37128
11,2040,5689
103,2040,6903
95,2040,4213
25,2040,6317
63,2040,8234
81,2040,13456
7,2040,20447
93,2040,22627
1,2040,753667
53,2040,1088
65,2040,9012
105,2040,11163
91,2040,5424
51,2040,20367
31,2040,889556
119,2040,29880
13,2040,403077
107,2040,37435
23,2040,3648
67,2040,79764
49,2040,21720
5,2040,820477
89,2040,16745
19,2040,11560
69,2040,482086
47,2040,6183
14,2040,95660
109,2040,6431
45,2040,88759
71,2040,13217
33,2040,1955
111,2040,714
87,2040,36696
37,2040,77339
125,2040,10822
21,2040,8452
3,2040,20469
17,2040,1723
85,2040,60864
43,2040,51333
73,2040,7236
15,2040,24044
113,2040,13004
41,2040,971042
0,2040,7518811
123,2040,580591
115,2040,2224
83,2040,37162
75,2040,26813
121,2040,4934
117,2040,40478
99,2040,11654
27,2040,5208
59,2040,650907
9,2040,2994
35,2040,444694
97,2040,19992
41,2039,959970
91,2039,5400
67,2039,78925
0,2039,7448849
21,2039,8435
63,2039,8168
17,2039,1734
105,2039,11177
125,2039,10807
23,2039,3652
115,2039,2230
43,2039,51089
31,2039,885821
77,2039,207406
25,2039,6295
1,2039,742933
9,2039,3014
83,2039,36717
107,2039,36947
65,2039,8969
75,2039,26651
55,2039,6112
95,2039,4220
27,2039,5185
103,2039,6884
11,2039,5700
73,2039,7170
97,2039,19914
121,2039,4966
59,2039,649166
117,2039,40038
3,2039,20293
13,2039,400150
69,2039,476588
35,2039,441854
113,2039,12786
51,2039,20236
14,2039,95719
39,2039,44688
15,2039,23918
57,2039,1243
19,2039,11456
47,2039,6182
53,2039,1074
37,2039,76398
87,2039,36233
101,2039,206716
109,2039,6443
61,2039,1198
29,2039,36795
49,2039,21416
119,2039,29769
93,2039,22629
89,2039,16846
81,2039,13445
85,2039,60021
71,2039,13277
79,2039,871
7,2039,20059
45,2039,87437
5,2039,815321
123,2039,567746
33,2039,1954
99,2039,11680
111,2039,715
111,2038,715
99,2038,11707
55,2038,6159
87,2038,35769
67,2038,78072
23,2038,3656
13,2038,397145
107,2038,36444
57,2038,1249
21,2038,8417
123,2038,554911
31,2038,881164
51,2038,20101
3,2038,20116
27,2038,5163
91,2038,5376
85,2038,59170
125,2038,10781
121,2038,4998
59,2038,647289
105,2038,11193
43,2038,50846
81,2038,13435
113,2038,12565
73,2038,7094
65,2038,8920
53,2038,1059
17,2038,1745
15,2038,23790
93,2038,22594
77,2038,204333
7,2038,19666
61,2038,1207
41,2038,948770
0,2038,7376739
79,2038,869
39,2038,44081
75,2038,26489
63,2038,8101
115,2038,2243
97,2038,19834
25,2038,6273
83,2038,36271
95,2038,4234
9,2038,3035
35,2038,438755
11,2038,5712
117,2038,39594
1,2038,732114
101,2038,204970
69,2038,471028
103,2038,6864
14,2038,95746
37,2038,75443
49,2038,21110
47,2038,6182
119,2038,29656
109,2038,6456
19,2038,11352
89,2038,16949
29,2038,36458
71,2038,13338
5,2038,809912
45,2038,86100
33,2038,1952
27,2037,5140
1,2037,721208
117,2037,39146
115,2037,2250
113,2037,12342
3,2037,19937
111,2037,716
109,2037,6469
5,2037,804012
107,2037,35927
105,2037,11209
7,2037,19276
35,2037,435403
103,2037,6843
101,2037,203197
9,2037,3056
99,2037,11734
97,2037,19762
11,2037,5724
95,2037,4241
93,2037,22523
91,2037,5353
13,2037,394062
89,2037,17054
14,2037,95740
123,2037,542088
87,2037,35307
85,2037,58309
15,2037,23659
83,2037,35824
81,2037,13425
17,2037,1756
79,2037,864
77,2037,201234
19,2037,11248
75,2037,26326
73,2037,7025
21,2037,8398
71,2037,13400
69,2037,465404
67,2037,77205
125,2037,10764
23,2037,3662
65,2037,8864
63,2037,8035
25,2037,6250
61,2037,1216
59,2037,645276
39,2037,43459
57,2037,1254
55,2037,6207
29,2037,36115
53,2037,1045
51,2037,19966
31,2037,876089
37,2037,74473
49,2037,20804
47,2037,6174
45,2037,84749
33,2037,1951
43,2037,50604
41,2037,937454
0,2037,7302777
121,2037,5030
119,2037,29540
39,2036,42819
119,2036,29421
89,2036,17161
123,2036,529276
14,2036,95698
61,2036,1224
67,2036,76323
1,2036,710219
69,2036,459706
13,2036,390904
91,2036,5330
19,2036,11144
23,2036,3668
47,2036,6167
109,2036,6482
57,2036,1260
59,2036,643127
103,2036,6822
83,2036,35377
117,2036,38694
75,2036,26161
55,2036,6254
7,2036,18879
81,2036,13414
53,2036,1031
115,2036,2257
11,2036,5737
77,2036,198112
95,2036,4244
15,2036,23526
97,2036,19696
25,2036,6228
0,2036,7226939
73,2036,6956
101,2036,201395
125,2036,10735
41,2036,926010
63,2036,7970
105,2036,11225
27,2036,5116
35,2036,431809
51,2036,19828
121,2036,5061
85,2036,57439
43,2036,50364
93,2036,22416
37,2036,73486
29,2036,35766
21,2036,8379
17,2036,1768
3,2036,19757
113,2036,12118
79,2036,864
65,2036,8798
87,2036,34846
31,2036,870580
99,2036,11761
45,2036,83386
107,2036,35397
71,2036,13462
5,2036,797643
49,2036,20497
111,2036,717
9,2036,3078
33,2036,1951
107,2035,34854
79,2035,862
67,2035,75433
21,2035,8360
89,2035,17265
111,2035,718
73,2035,6883
97,2035,19621
14,2035,95571
25,2035,6204
105,2035,11239
13,2035,387675
45,2035,82014
5,2035,790824
69,2035,453939
119,2035,29287
27,2035,5094
41,2035,914438
91,2035,5308
33,2035,1951
0,2035,7149172
23,2035,3675
19,2035,11041
1,2035,699150
63,2035,7907
125,2035,10714
113,2035,11892
109,2035,6496
47,2035,6160
123,2035,516508
57,2035,1265
101,2035,199533
49,2035,20183
59,2035,640801
65,2035,8732
103,2035,6800
43,2035,50113
39,2035,42161
83,2035,34929
35,2035,427980
9,2035,3101
117,2035,38256
31,2035,864611
75,2035,25991
85,2035,56561
99,2035,11787
7,2035,18490
77,2035,194972
55,2035,6299
87,2035,34410
51,2035,19688
53,2035,1017
81,2035,13400
71,2035,13517
115,2035,2269
121,2035,5090
11,2035,5749
29,2035,35412
3,2035,19575
17,2035,1779
93,2035,22272
15,2035,23388
61,2035,1234
95,2035,4256
37,2035,72469
121,2034,5117
101,2034,197641
27,2034,5071
99,2034,11812
9,2034,3126
57,2034,1271
0,2034,7069569
77,2034,191816
83,2034,34480
75,2034,25820
117,2034,37810
115,2034,2277
15,2034,23234
73,2034,6803
17,2034,1790
41,2034,902813
43,2034,49859
85,2034,55675
3,2034,19395
21,2034,8340
113,2034,11665
87,2034,33977
45,2034,80629
71,2034,13571
111,2034,719
33,2034,1951
89,2034,17372
14,2034,95404
69,2034,448098
19,2034,10938
47,2034,6137
109,2034,6510
1,2034,688004
5,2034,783569
23,2034,3682
91,2034,5286
123,2034,503782
13,2034,384374
49,2034,19867
67,2034,74531
35,2034,423933
107,2034,34298
31,2034,858175
65,2034,8665
51,2034,19547
79,2034,859
93,2034,22106
63,2034,7845
105,2034,11254
25,2034,6177
95,2034,4263
81,2034,13384
11,2034,5761
53,2034,1003
119,2034,29149
37,2034,71432
7,2034,18093
103,2034,6778
61,2034,1243
29,2034,35051
125,2034,10688
97,2034,19526
39,2034,41482
55,2034,6339
59,2034,638303
89,2033,17480
67,2033,73619
71,2033,13625
45,2033,79232
99,2033,11837
123,2033,491102
87,2033,33569
31,2033,851265
125,2033,10664
113,2033,11441
65,2033,8598
79,2033,858
107,2033,33730
21,2033,8321
51,2033,19404
29,2033,34683
93,2033,21917
3,2033,19216
85,2033,54779
119,2033,29005
43,2033,49605
77,2033,188649
121,2033,5145
63,2033,7784
41,2033,891134
105,2033,11269
25,2033,6147
97,2033,19428
73,2033,6740
17,2033,1801
81,2033,13368
95,2033,4271
101,2033,195726
15,2033,23079
27,2033,5046
115,2033,2289
11,2033,5774
0,2033,6988385
53,2033,990
37,2033,70376
117,2033,37357
39,2033,40783
7,2033,17693
55,2033,6375
75,2033,25647
83,2033,34030
47,2033,6115
35,2033,419732
59,2033,635644
109,2033,6523
103,2033,6756
5,2033,775888
49,2033,19549
111,2033,720
23,2033,3690
1,2033,676792
33,2033,1953
91,2033,5265
9,2033,3150
19,2033,10836
57,2033,1277
69,2033,442186
13,2033,381011
61,2033,1252
14,2033,95195
23,2032,3698
61,2032,1261
15,2032,22921
67,2032,72697
89,2032,17589
19,2032,10735
77,2032,185470
71,2032,13677
83,2032,33576
121,2032,5164
35,2032,415144
79,2032,857
113,2032,11220
95,2032,4277
13,2032,377591
119,2032,28858
45,2032,77826
47,2032,6094
9,2032,3176
99,2032,11861
17,2032,1812
31,2032,843894
125,2032,10641
1,2032,665326
87,2032,33164
115,2032,2300
37,2032,69309
33,2032,1955
65,2032,8533
27,2032,5020
109,2032,6537
107,2032,33148
11,2032,5787
51,2032,19260
53,2032,978
111,2032,721
29,2032,34317
93,2032,21709
14,2032,94944
101,2032,193784
21,2032,8302
59,2032,632839
123,2032,478477
3,2032,19041
41,2032,879307
117,2032,36900
85,2032,53876
5,2032,767782
7,2032,17295
43,2032,49350
0,2032,6905124
69,2032,436208
55,2032,6406
63,2032,7725
103,2032,6736
73,2032,6673
97,2032,19329
49,2032,19229
105,2032,11285
39,2032,40066
81,2032,13351
25,2032,6118
91,2032,5245
75,2032,25473
57,2032,1283
37,2031,68237
19,2031,10635
81,2031,13333
83,2031,33097
75,2031,25296
85,2031,52967
41,2031,867324
15,2031,22781
73,2031,6603
21,2031,8283
125,2031,10620
87,2031,32782
71,2031,13727
89,2031,17699
69,2031,430161
14,2031,94649
23,2031,3706
91,2031,5225
67,2031,71748
13,2031,374124
65,2031,8469
93,2031,21478
1,2031,653830
25,2031,6093
95,2031,4289
123,2031,465913
63,2031,7668
11,2031,5800
61,2031,1270
97,2031,19230
59,2031,629876
27,2031,4993
99,2031,11885
9,2031,3202
57,2031,1285
101,2031,191817
55,2031,6433
29,2031,33955
103,2031,6716
7,2031,16892
53,2031,965
105,2031,11300
51,2031,19114
39,2031,39331
107,2031,32558
31,2031,836015
109,2031,6551
119,2031,28706
49,2031,18909
5,2031,759316
47,2031,6074
111,2031,723
33,2031,1958
113,2031,11002
45,2031,76415
0,2031,6820066
35,2031,410199
3,2031,18866
43,2031,49093
115,2031,2304
117,2031,36439
121,2031,5173
79,2031,856
17,2031,1822
77,2031,182284
33,2030,1962
115,2030,2315
119,2030,28548
67,2030,70791
23,2030,3714
49,2030,18597
121,2030,5172
3,2030,18690
97,2030,19144
81,2030,13315
5,2030,750773
9,2030,3228
111,2030,724
91,2030,5205
61,2030,1280
7,2030,16510
47,2030,6064
63,2030,7615
14,2030,94282
43,2030,48825
11,2030,5810
37,2030,67160
21,2030,8264
73,2030,6535
27,2030,4965
57,2030,1287
15,2030,22529
53,2030,954
85,2030,52052
101,2030,189806
35,2030,405087
87,2030,32406
77,2030,179100
55,2030,6456
1,2030,642318
25,2030,6071
105,2030,11311
117,2030,35972
45,2030,75001
95,2030,4291
17,2030,1833
123,2030,453421
125,2030,10601
89,2030,17804
51,2030,18969
75,2030,25113
103,2030,6697
113,2030,10792
41,2030,855206
107,2030,31963
19,2030,10537
65,2030,8404
93,2030,21229
83,2030,32595
31,2030,827681
99,2030,11903
0,2030,6733658
59,2030,626742
71,2030,13773
13,2030,370618
69,2030,424052
109,2030,6564
29,2030,33595
39,2030,38581
79,2030,854
117,2029,35503
45,2029,73589
71,2029,13817
67,2029,69828
83,2029,32121
125,2029,10576
65,2029,8341
23,2029,3722
19,2029,10441
105,2029,11323
49,2029,18284
13,2029,367083
33,2029,1968
121,2029,5170
55,2029,6479
39,2029,37679
97,2029,19058
25,2029,6049
41,2029,843000
37,2029,66074
5,2029,742169
7,2029,16162
113,2029,10586
9,2029,3255
95,2029,4295
91,2029,5186
35,2029,399837
119,2029,28387
111,2029,726
61,2029,1289
17,2029,1839
79,2029,851
31,2029,819153
0,2029,6646711
85,2029,51132
47,2029,6072
99,2029,11921
75,2029,24929
1,2029,630806
14,2029,93876
43,2029,48557
63,2029,7564
15,2029,22355
115,2029,2326
101,2029,187785
123,2029,441006
21,2029,8246
89,2029,17910
29,2029,33266
93,2029,20959
51,2029,18821
81,2029,13298
59,2029,623464
57,2029,1290
77,2029,176067
11,2029,5822
103,2029,6679
27,2029,4936
73,2029,6469
69,2029,417873
3,2029,18516
87,2029,32031
53,2029,944
109,2029,6578
107,2029,31372
59,2028,620058
85,2028,50197
105,2028,11334
117,2028,35023
75,2028,24741
63,2028,7514
83,2028,31635
77,2028,173136
9,2028,3283
101,2028,185761
123,2028,428579
57,2028,1294
27,2028,4908
81,2028,13282
73,2028,6396
53,2028,932
25,2028,6027
55,2028,6499
95,2028,4308
103,2028,6663
51,2028,18668
65,2028,8280
107,2028,30770
31,2028,810438
93,2028,20680
13,2028,363324
29,2028,32966
109,2028,6590
41,2028,830711
0,2028,6559016
67,2028,68859
49,2028,18006
1,2028,619313
23,2028,3731
19,2028,10345
5,2028,733524
61,2028,1298
91,2028,5168
14,2028,93435
47,2028,6081
39,2028,36763
125,2028,10556
111,2028,728
119,2028,28216
69,2028,411630
97,2028,18968
33,2028,1974
71,2028,13858
35,2028,394491
113,2028,10374
89,2028,18017
45,2028,72184
99,2028,11938
87,2028,31655
121,2028,5167
11,2028,5833
21,2028,8228
37,2028,64973
79,2028,848
15,2028,22173
17,2028,1840
43,2028,48330
3,2028,18341
7,2028,15845
115,2028,2331
119,2027,28033
99,2027,11954
13,2027,359453
29,2027,32662
43,2027,48143
93,2027,20392
41,2027,818478
113,2027,10157
9,2027,3311
31,2027,801545
107,2027,30154
51,2027,18509
39,2027,35838
121,2027,5163
65,2027,8219
77,2027,170407
89,2027,18124
95,2027,4306
103,2027,6644
55,2027,6517
25,2027,6004
53,2027,922
83,2027,31129
45,2027,70783
85,2027,49243
59,2027,616539
11,2027,5843
27,2027,4882
3,2027,18163
87,2027,31298
63,2027,7463
75,2027,24548
57,2027,1298
1,2027,607853
79,2027,845
117,2027,34488
21,2027,8208
17,2027,1841
35,2027,389092
7,2027,15560
115,2027,2340
47,2027,6088
15,2027,21983
19,2027,10252
14,2027,91220
111,2027,727
73,2027,6331
91,2027,5150
5,2027,724858
61,2027,1307
23,2027,3738
69,2027,405324
101,2027,183741
105,2027,11344
37,2027,63866
33,2027,1983
123,2027,416146
49,2027,17765
67,2027,67782
81,2027,13267
109,2027,6601
0,2027,6469122
125,2027,10529
97,2027,18872
71,2027,13897
1,2026,596445
123,2026,403718
103,2026,6624
55,2026,6533
99,2026,11970
29,2026,32352
61,2026,1316
97,2026,18772
105,2026,11353
11,2026,5842
7,2026,15307
63,2026,7413
53,2026,911
79,2026,837
25,2026,5980
0,2026,6378381
107,2026,29531
95,2026,4309
65,2026,8156
51,2026,18345
41,2026,806210
31,2026,792505
93,2026,20088
13,2026,355376
37,2026,62711
109,2026,6611
81,2026,13253
67,2026,66593
49,2026,17562
23,2026,3746
5,2026,716179
91,2026,5132
14,2026,88989
47,2026,6095
111,2026,729
19,2026,10169
69,2026,398950
33,2026,1989
71,2026,13932
113,2026,9935
125,2026,10509
89,2026,18213
45,2026,69289
39,2026,34904
17,2026,1842
87,2026,30963
119,2026,27836
21,2026,8188
15,2026,21723
43,2026,47997
3,2026,17985
115,2026,2352
73,2026,6255
85,2026,48270
75,2026,24350
117,2026,33898
35,2026,383664
77,2026,167779
121,2026,5159
83,2026,30601
9,2026,3339
101,2026,181725
59,2026,612910
57,2026,1303
27,2026,4859
61,2025,1325
0,2025,6286282
1,2025,585105
3,2025,17747
5,2025,707507
7,2025,15117
9,2025,3367
11,2025,5866
13,2025,351310
14,2025,86563
15,2025,21531
17,2025,1841
19,2025,10096
21,2025,8178
23,2025,3759
25,2025,5955
27,2025,4874
29,2025,32035
31,2025,783456
33,2025,1993
35,2025,378124
37,2025,61575
39,2025,33918
41,2025,794078
43,2025,47841
45,2025,67906
47,2025,6107
49,2025,17280
51,2025,18217
53,2025,898
55,2025,6531
57,2025,1312
59,2025,609124
63,2025,7365
65,2025,8111
67,2025,65298
69,2025,392202
71,2025,13963
73,2025,6162
75,2025,24042
77,2025,165166
79,2025,828
81,2025,13230
83,2025,30026
85,2025,47188
87,2025,30561
89,2025,18273
91,2025,5101
93,2025,19869
95,2025,4305
97,2025,18614
99,2025,11988
101,2025,179423
103,2025,6572
105,2025,11313
107,2025,28862
109,2025,6649
111,2025,730
113,2025,9710
115,2025,2338
117,2025,33386
119,2025,27586
121,2025,5120
123,2025,391307
125,2025,10458
45,2024,66626
7,2024,14912
105,2024,11254
15,2024,21295
85,2024,46158
81,2024,13203
17,2024,1838
83,2024,29459
103,2024,6510
11,2024,5872
95,2024,4296
57,2024,1320
31,2024,774527
93,2024,19647
59,2024,604950
27,2024,4889
115,2024,2318
49,2024,16940
61,2024,1334
53,2024,883
99,2024,11995
63,2024,7318
3,2024,17486
25,2024,5925
29,2024,31764
13,2024,347263
91,2024,5069
121,2024,5067
0,2024,6193474
113,2024,9484
9,2024,3393
65,2024,8061
47,2024,6099
67,2024,63996
111,2024,726
23,2024,3765
37,2024,60393
69,2024,385438
55,2024,6518
14,2024,83898
89,2024,18308
1,2024,573847
71,2024,13975
5,2024,698605
21,2024,8163
33,2024,1998
117,2024,32869
101,2024,177232
109,2024,6681
87,2024,30162
51,2024,18055
73,2024,6064
125,2024,10393
39,2024,32881
75,2024,23694
107,2024,28124
19,2024,10046
97,2024,18459
41,2024,782114
123,2024,379013
77,2024,162771
119,2024,27220
35,2024,372384
79,2024,815
43,2024,47712
67,2023,62687
45,2023,65394
119,2023,26799
87,2023,29769
23,2023,3770
85,2023,45431
11,2023,5878
105,2023,11216
81,2023,13178
111,2023,728
69,2023,378657
17,2023,1835
39,2023,31846
83,2023,28895
55,2023,6506
37,2023,59318
103,2023,6463
41,2023,770162
97,2023,18303
95,2023,4288
51,2023,17889
57,2023,1328
73,2023,5972
31,2023,765707
14,2023,81246
59,2023,600699
15,2023,21055
93,2023,19419
53,2023,867
123,2023,366821
89,2023,18325
27,2023,4904
75,2023,23344
115,2023,2300
0,2023,6101657
49,2023,16598
61,2023,1342
71,2023,13985
63,2023,7272
43,2023,47582
99,2023,11998
125,2023,10325
5,2023,689477
3,2023,17226
77,2023,160685
35,2023,366746
25,2023,5896
21,2023,8150
13,2023,343240
33,2023,2003
107,2023,27482
91,2023,5039
29,2023,31535
121,2023,5014
79,2023,802
101,2023,175041
19,2023,9994
113,2023,9257
117,2023,32345
9,2023,3418
1,2023,562685
65,2023,8015
109,2023,6711
7,2023,14703
47,2023,6091
51,2022,17716
119,2022,26372
95,2022,4279
93,2022,19186
99,2022,11998
13,2022,339233
91,2022,5009
9,2022,3442
37,2022,58343
14,2022,78608
89,2022,18322
101,2022,172846
87,2022,29379
41,2022,758327
15,2022,20812
35,2022,361181
85,2022,44702
103,2022,6417
39,2022,30817
83,2022,28339
17,2022,1832
81,2022,13153
105,2022,11177
7,2022,14489
43,2022,47452
79,2022,789
77,2022,158857
11,2022,5888
123,2022,355073
19,2022,9939
107,2022,26938
75,2022,22991
73,2022,5875
45,2022,64213
109,2022,6738
33,2022,2007
97,2022,18144
21,2022,8139
5,2022,680377
71,2022,13992
0,2022,6010551
125,2022,10260
69,2022,371864
111,2022,731
23,2022,3776
47,2022,6080
67,2022,61369
65,2022,7971
113,2022,9029
121,2022,4961
25,2022,5868
3,2022,16967
63,2022,7226
61,2022,1350
115,2022,2278
49,2022,16252
27,2022,4920
59,2022,595877
31,2022,756954
57,2022,1336
117,2022,31812
55,2022,6495
1,2022,551631
29,2022,31299
53,2022,851
37,2021,57463
14,2021,75986
39,2021,29793
89,2021,18300
73,2021,5764
83,2021,27790
0,2021,5920844
71,2021,13995
55,2021,6485
5,2021,671301
87,2021,28993
33,2021,2013
101,2021,170646
21,2021,8130
57,2021,1346
45,2021,63080
109,2021,6762
103,2021,6371
95,2021,4270
31,2021,747723
59,2021,591001
43,2021,47322
11,2021,5894
53,2021,836
85,2021,43972
77,2021,157232
105,2021,11136
93,2021,18947
27,2021,4936
49,2021,15901
115,2021,2263
61,2021,1357
117,2021,31370
63,2021,7182
51,2021,17547
99,2021,11992
81,2021,13129
3,2021,16701
29,2021,31056
13,2021,335358
123,2021,343957
35,2021,355682
25,2021,5841
121,2021,4907
91,2021,4983
41,2021,746659
19,2021,9881
113,2021,8800
15,2021,20566
65,2021,7931
9,2021,3466
67,2021,60144
17,2021,1828
107,2021,26439
119,2021,25939
1,2021,540942
47,2021,6068
97,2021,17985
125,2021,10191
79,2021,775
75,2021,22637
7,2021,14270
23,2021,3781
111,2021,728
69,2021,365103
57,2020,1351
35,2020,350161
7,2020,14003
79,2020,764
19,2020,9820
15,2020,20289
117,2020,31122
77,2020,155871
0,2020,5838181
123,2020,333149
41,2020,735176
107,2020,26067
119,2020,25630
75,2020,22430
87,2020,28751
73,2020,5687
45,2020,62001
109,2020,6725
9,2020,3484
21,2020,8114
101,2020,169470
29,2020,30856
33,2020,2018
5,2020,662304
89,2020,18309
71,2020,14022
55,2020,6505
69,2020,359181
111,2020,723
37,2020,56665
23,2020,3780
14,2020,73822
47,2020,6046
51,2020,17362
67,2020,59014
125,2020,10155
1,2020,530680
65,2020,7854
113,2020,8563
91,2020,4934
121,2020,4901
97,2020,17946
25,2020,5815
13,2020,332134
3,2020,16514
63,2020,7161
99,2020,11997
61,2020,1357
115,2020,2272
49,2020,15728
27,2020,4914
53,2020,825
93,2020,18642
59,2020,587118
31,2020,738611
95,2020,4266
103,2020,6361
83,2020,27299
17,2020,1829
85,2020,43339
81,2020,13124
39,2020,28779
105,2020,11159
11,2020,5885
43,2020,47345
73,2019,5623
7,2019,13779
121,2019,4909
101,2019,168401
77,2019,154615
119,2019,25302
39,2019,27773
123,2019,323765
93,2019,18399
83,2019,26891
43,2019,47409
13,2019,329445
33,2019,2024
105,2019,11195
11,2019,5879
81,2019,13127
3,2019,16361
125,2019,10132
27,2019,4903
0,2019,5765527
103,2019,6357
53,2019,810
111,2019,720
63,2019,7155
47,2019,6034
49,2019,15595
69,2019,354144
97,2019,17946
115,2019,2287
99,2019,12010
61,2019,1360
45,2019,61079
17,2019,1831
14,2019,71940
87,2019,28531
71,2019,14086
107,2019,25783
21,2019,8110
67,2019,57919
89,2019,18341
9,2019,3505
117,2019,30943
29,2019,30762
5,2019,655902
57,2019,1359
41,2019,724182
109,2019,6698
65,2019,7794
55,2019,6537
35,2019,345342
31,2019,729485
23,2019,3787
113,2019,8370
79,2019,761
95,2019,4269
1,2019,521339
59,2019,583705
75,2019,22258
19,2019,9759
91,2019,4893
51,2019,17209
25,2019,5790
85,2019,42826
15,2019,20070
37,2019,56010
119,2018,24970
55,2018,6571
69,2018,349079
111,2018,717
83,2018,26482
75,2018,22080
23,2018,3775
37,2018,55349
11,2018,5873
47,2018,6020
17,2018,1833
14,2018,70063
41,2018,712714
67,2018,56814
107,2018,25490
65,2018,7735
113,2018,8173
85,2018,42305
91,2018,4843
25,2018,5766
1,2018,512576
123,2018,314360
121,2018,4916
57,2018,1367
51,2018,17048
13,2018,326189
15,2018,19850
0,2018,5689227
81,2018,13124
63,2018,7151
3,2018,16209
43,2018,47469
61,2018,1362
115,2018,2301
53,2018,802
49,2018,15454
105,2018,11227
99,2018,12013
93,2018,18151
27,2018,4892
77,2018,153328
125,2018,10106
95,2018,4273
19,2018,9694
7,2018,13552
31,2018,718107
97,2018,17940
59,2018,579631
9,2018,3524
109,2018,6667
39,2018,26687
29,2018,30657
21,2018,8114
45,2018,60135
103,2018,6353
33,2018,2037
87,2018,28306
101,2018,167274
5,2018,649703
89,2018,18362
117,2018,30755
73,2018,5572
79,2018,757
71,2018,14145
35,2018,340436
25,2017,5749
57,2017,1375
91,2017,4783
55,2017,6605
11,2017,5866
97,2017,17875
101,2017,165974
89,2017,18370
113,2017,7967
119,2017,24625
31,2017,705651
109,2017,6631
103,2017,6345
59,2017,575193
125,2017,10075
65,2017,7705
19,2017,9625
9,2017,3539
23,2017,3771
69,2017,343853
85,2017,41763
5,2017,643257
71,2017,14197
14,2017,68169
67,2017,55619
51,2017,16871
21,2017,8117
83,2017,26074
117,2017,30555
35,2017,335635
41,2017,701283
107,2017,25178
111,2017,714
53,2017,791
47,2017,6000
61,2017,1364
115,2017,2314
79,2017,752
81,2017,13112
105,2017,11251
39,2017,25594
45,2017,59167
3,2017,16056
49,2017,15297
73,2017,5526
63,2017,7154
17,2017,1835
77,2017,151900
0,2017,5609445
75,2017,21893
99,2017,12004
93,2017,17892
33,2017,2040
27,2017,4859
87,2017,28075
13,2017,322854
15,2017,19623
29,2017,30578
43,2017,47521
1,2017,503375
7,2017,13316
37,2017,54662
121,2017,4921
95,2017,4275
123,2017,304435
11,2016,5664
97,2016,17873
37,2016,54294
41,2016,689082
35,2016,327970
43,2016,46940
0,2016,5534240
123,2016,294294
45,2016,58938
33,2016,2050
47,2016,5901
121,2016,4831
49,2016,15124
31,2016,696347
51,2016,16433
53,2016,786
119,2016,24012
1,2016,497419
55,2016,6557
125,2016,10145
29,2016,30377
117,2016,30324
57,2016,1356
59,2016,570932
27,2016,4579
115,2016,2399
61,2016,1343
3,2016,16006
63,2016,7629
25,2016,5203
113,2016,7957
65,2016,7534
67,2016,55378
23,2016,3700
111,2016,690
69,2016,338704
71,2016,14059
5,2016,637266
21,2016,8018
109,2016,6412
73,2016,5551
75,2016,22043
39,2016,25004
107,2016,24667
77,2016,150258
19,2016,9395
79,2016,756
7,2016,12839
105,2016,11313
81,2016,13169
17,2016,1835
83,2016,25961
103,2016,6434
85,2016,41142
15,2016,19077
87,2016,28015
9,2016,3522
101,2016,164447
89,2016,18206
14,2016,66399
91,2016,4766
13,2016,321363
99,2016,11939
93,2016,17339
95,2016,4274
11,2015,5885
33,2015,1973
79,2015,745
51,2015,16120
21,2015,8034
69,2015,332980
1,2015,489774
99,2015,11921
117,2015,29860
7,2015,12401
43,2015,46245
45,2015,57755
31,2015,683081
61,2015,1382
109,2015,6252
57,2015,1350
105,2015,11320
113,2015,7787
95,2015,4310
81,2015,12952
39,2015,24522
115,2015,2371
47,2015,5792
25,2015,5567
55,2015,6379
23,2015,3577
5,2015,628951
13,2015,318071
75,2015,22122
123,2015,284474
49,2015,14686
17,2015,1815
121,2015,4779
119,2015,23351
27,2015,4431
0,2015,5444871
107,2015,24307
91,2015,4587
101,2015,162664
111,2015,689
29,2015,29929
93,2015,16704
71,2015,14029
83,2015,25674
103,2015,6480
67,2015,54711
59,2015,564441
89,2015,18187
53,2015,764
63,2015,8193
85,2015,40552
37,2015,53610
35,2015,321772
15,2015,18578
73,2015,5548
41,2015,674993
65,2015,7399
87,2015,28108
97,2015,17864
77,2015,148597
19,2015,9279
9,2015,3544
125,2015,10086
3,2015,15854
14,2015,64713
3,2014,15758
97,2014,17664
37,2014,53091
117,2014,29197
33,2014,1968
101,2014,161042
57,2014,1384
89,2014,18335
123,2014,275655
109,2014,6199
23,2014,3563
119,2014,23406
39,2014,23965
73,2014,5512
65,2014,7272
45,2014,57182
1,2014,479477
67,2014,53883
21,2014,8196
113,2014,7704
25,2014,5559
95,2014,4375
75,2014,22104
121,2014,4724
107,2014,24016
93,2014,16353
0,2014,5345680
63,2014,7998
69,2014,323792
51,2014,15792
77,2014,147735
19,2014,9127
79,2014,703
125,2014,10195
99,2014,12042
7,2014,12240
43,2014,46093
61,2014,1377
31,2014,664715
105,2014,11482
81,2014,12944
115,2014,2327
71,2014,14041
55,2014,6370
47,2014,5737
13,2014,312588
111,2014,712
49,2014,14535
17,2014,1836
27,2014,4337
83,2014,25464
11,2014,5777
91,2014,4560
29,2014,29968
103,2014,6599
59,2014,558554
85,2014,40564
35,2014,314527
15,2014,18453
87,2014,28007
41,2014,663443
53,2014,771
9,2014,3576
5,2014,617498
14,2014,61617
79,2013,733
111,2013,692
23,2013,3540
119,2013,23324
1,2013,469340
93,2013,16159
99,2013,12297
55,2013,6440
13,2013,309628
11,2013,5732
91,2013,4540
29,2013,30347
14,2013,59979
37,2013,52629
117,2013,28661
89,2013,18447
53,2013,804
57,2013,1336
101,2013,160669
9,2013,3645
41,2013,656285
87,2013,28129
15,2013,18322
35,2013,306223
85,2013,40516
59,2013,551876
103,2013,6692
83,2013,25499
27,2013,4256
17,2013,1871
31,2013,649478
125,2013,10131
49,2013,14295
115,2013,2335
81,2013,13125
105,2013,11653
61,2013,1388
43,2013,46291
7,2013,12221
47,2013,5521
3,2013,15740
19,2013,9030
0,2013,5266317
77,2013,147816
63,2013,8227
95,2013,4356
107,2013,23563
121,2013,4735
25,2013,5288
51,2013,15601
75,2013,21824
113,2013,7598
21,2013,8167
45,2013,56940
65,2013,7214
73,2013,5423
109,2013,6245
97,2013,17429
123,2013,269887
33,2013,2026
5,2013,606938
71,2013,14361
39,2013,23493
69,2013,315983
67,2013,53384
83,2012,25429
3,2012,15633
73,2012,5440
105,2012,11838
89,2012,18622
101,2012,160361
21,2012,8210
119,2012,23413
77,2012,147865
81,2012,13169
25,2012,5405
9,2012,3710
109,2012,6335
41,2012,646934
15,2012,18156
27,2012,4212
67,2012,52471
115,2012,2373
39,2012,23236
55,2012,6535
121,2012,4693
31,2012,635339
0,2012,5189861
17,2012,1864
33,2012,2002
49,2012,14203
79,2012,720
125,2012,10058
19,2012,9057
123,2012,263841
107,2012,23243
23,2012,3600
1,2012,459821
91,2012,4493
97,2012,17264
95,2012,4386
35,2012,298612
71,2012,14953
99,2012,12401
7,2012,12139
117,2012,28234
11,2012,5814
93,2012,16022
45,2012,56749
47,2012,5421
43,2012,47011
51,2012,15386
75,2012,22011
57,2012,1324
37,2012,52135
113,2012,7561
65,2012,7195
53,2012,801
59,2012,546260
87,2012,28157
13,2012,305034
14,2012,58803
5,2012,595264
103,2012,6751
63,2012,8054
61,2012,1405
69,2012,310636
29,2012,30492
111,2012,694
85,2012,40611
51,2011,15400
0,2011,5119182
69,2011,305135
93,2011,16033
77,2011,147874
75,2011,22228
53,2011,824
63,2011,8148
71,2011,15032
25,2011,5826
85,2011,40921
107,2011,23240
11,2011,6323
121,2011,4754
117,2011,27994
103,2011,6730
5,2011,585069
57,2011,1356
41,2011,638272
59,2011,540332
37,2011,51840
29,2011,30391
89,2011,18814
83,2011,25422
101,2011,159809
9,2011,3769
47,2011,5420
27,2011,4218
33,2011,2036
17,2011,1855
31,2011,621034
123,2011,258574
15,2011,18021
125,2011,10078
23,2011,3641
97,2011,17151
49,2011,14542
55,2011,6497
81,2011,13422
109,2011,6185
14,2011,57344
105,2011,11887
73,2011,5384
119,2011,23337
61,2011,1427
13,2011,300110
95,2011,4368
65,2011,7281
115,2011,2366
43,2011,47369
91,2011,4413
39,2011,23131
111,2011,691
7,2011,12027
45,2011,56003
99,2011,12473
35,2011,292535
79,2011,712
21,2011,8248
87,2011,28359
19,2011,9046
3,2011,15656
113,2011,7471
67,2011,51875
1,2011,451459
11,2010,6506
89,2010,18838
61,2010,1399
35,2010,287124
29,2010,30889
41,2010,627232
57,2010,1387
51,2010,15309
25,2010,5838
71,2010,15407
59,2010,535651
75,2010,22293
97,2010,17156
65,2010,7282
37,2010,52057
91,2010,4446
43,2010,46854
21,2010,8282
113,2010,7356
103,2010,6617
23,2010,3532
77,2010,147155
19,2010,9155
125,2010,10032
117,2010,28073
5,2010,574819
69,2010,300532
87,2010,28196
0,2010,5050332
7,2010,12060
85,2010,41188
115,2010,2367
121,2010,4815
67,2010,51441
45,2010,56150
1,2010,443711
3,2010,15474
123,2010,254230
13,2010,295605
49,2010,14790
95,2010,4465
47,2010,5463
31,2010,604879
15,2010,17797
27,2010,4272
55,2010,6655
39,2010,23107
14,2010,56107
17,2010,1834
99,2010,12531
81,2010,13806
33,2010,2060
63,2010,8267
109,2010,6144
101,2010,159496
73,2010,5474
111,2010,709
105,2010,12001
107,2010,23439
9,2010,3795
93,2010,16262
83,2010,25532
79,2010,705
53,2010,843
119,2010,23441
65,2009,7174
37,2009,51520
87,2009,28026
15,2009,17604
91,2009,4372
125,2009,10036
35,2009,282163
85,2009,40680
103,2009,6317
59,2009,532606
29,2009,30625
71,2009,15477
83,2009,25365
17,2009,1833
95,2009,4454
14,2009,55378
27,2009,4166
3,2009,15301
55,2009,6710
81,2009,13544
105,2009,11995
61,2009,1392
23,2009,3505
49,2009,14664
43,2009,46635
97,2009,17053
115,2009,2376
7,2009,11899
99,2009,12576
79,2009,714
19,2009,9060
93,2009,15971
0,2009,4976853
77,2009,144795
63,2009,8269
69,2009,297502
53,2009,827
107,2009,23325
121,2009,4777
13,2009,293641
1,2009,436323
51,2009,15266
25,2009,5803
67,2009,50759
75,2009,22517
113,2009,7267
21,2009,8210
45,2009,55400
111,2009,687
119,2009,23205
73,2009,5463
109,2009,6126
31,2009,595573
39,2009,22890
123,2009,248959
47,2009,5396
101,2009,157324
117,2009,27783
33,2009,2052
89,2009,18844
57,2009,1386
11,2009,6481
5,2009,566480
9,2009,3814
41,2009,608518
3,2008,15346
113,2008,7304
37,2008,50301
79,2008,767
14,2008,54400
9,2008,3906
123,2008,244116
49,2008,14535
47,2008,5084
125,2008,9895
33,2008,2074
91,2008,4407
119,2008,23102
27,2008,4119
87,2008,27746
61,2008,1432
101,2008,156252
7,2008,12074
17,2008,1898
93,2008,16278
111,2008,698
55,2008,7680
117,2008,27464
41,2008,599060
11,2008,6008
83,2008,25200
71,2008,15486
23,2008,3611
105,2008,12105
89,2008,18853
15,2008,17403
95,2008,4451
73,2008,5522
57,2008,1381
39,2008,22663
29,2008,30342
59,2008,530565
45,2008,54226
99,2008,12682
121,2008,4802
109,2008,6176
107,2008,22931
21,2008,8384
103,2008,6160
13,2008,291827
115,2008,2420
81,2008,13446
1,2008,425138
0,2008,4901938
97,2008,16673
53,2008,824
67,2008,50073
51,2008,15137
5,2008,556246
69,2008,292394
19,2008,9294
25,2008,5893
31,2008,581903
85,2008,39952
35,2008,276740
63,2008,8042
65,2008,7269
77,2008,140680
43,2008,46774
75,2008,22324
103,2007,6093
0,2007,4821784
39,2007,22478
93,2007,16336
111,2007,686
113,2007,7276
21,2007,8433
87,2007,27848
19,2007,9333
7,2007,12108
79,2007,803
31,2007,570437
45,2007,52676
11,2007,5773
115,2007,2422
97,2007,16236
119,2007,23164
65,2007,7271
43,2007,46654
49,2007,14339
61,2007,1471
55,2007,7658
73,2007,5571
105,2007,12167
109,2007,6159
15,2007,17238
81,2007,13270
23,2007,3676
69,2007,286754
5,2007,545882
9,2007,3993
121,2007,4927
47,2007,4964
33,2007,2001
3,2007,15293
14,2007,53328
123,2007,238279
71,2007,15525
27,2007,4130
53,2007,845
101,2007,154759
41,2007,588772
17,2007,1910
83,2007,25177
125,2007,9881
37,2007,49284
117,2007,27163
89,2007,18937
57,2007,1422
91,2007,4274
59,2007,527120
29,2007,29877
99,2007,12772
67,2007,49146
13,2007,288757
1,2007,415915
75,2007,22403
95,2007,4484
107,2007,22415
77,2007,137390
85,2007,39131
25,2007,5907
51,2007,14957
63,2007,7835
35,2007,268599
53,2006,830
119,2006,22791
51,2006,14650
55,2006,7750
29,2006,29702
95,2006,4504
57,2006,1443
117,2006,26839
59,2006,524579
121,2006,4981
27,2006,4017
3,2006,15350
61,2006,1514
49,2006,14135
39,2006,22527
115,2006,2515
63,2006,7946
25,2006,5713
65,2006,7217
113,2006,7059
67,2006,48408
33,2006,1990
47,2006,4953
111,2006,672
69,2006,281027
23,2006,3698
5,2006,536051
71,2006,15552
123,2006,231283
73,2006,5665
45,2006,51106
21,2006,8470
109,2006,6241
75,2006,22267
107,2006,21886
77,2006,133128
0,2006,4745660
19,2006,9279
7,2006,11798
79,2006,789
43,2006,46703
81,2006,13102
105,2006,12439
17,2006,1977
83,2006,25017
103,2006,5981
35,2006,257833
85,2006,37968
11,2006,6076
15,2006,16984
9,2006,4088
87,2006,27983
41,2006,582502
89,2006,19193
101,2006,152064
125,2006,9917
91,2006,4137
37,2006,48214
14,2006,51152
97,2006,16087
93,2006,16128
13,2006,286133
99,2006,13208
1,2006,407587
31,2006,562862
89,2005,19370
105,2005,12696
51,2005,14473
61,2005,1543
45,2005,49256
97,2005,16136
41,2005,569322
17,2005,2041
3,2005,15395
85,2005,36997
77,2005,128999
119,2005,22505
71,2005,15570
115,2005,2578
79,2005,806
83,2005,24603
14,2005,48251
117,2005,26623
47,2005,4892
19,2005,9392
21,2005,8500
121,2005,4995
27,2005,4045
31,2005,559459
1,2005,395384
75,2005,22088
73,2005,5787
23,2005,3695
69,2005,275873
67,2005,47713
37,2005,47278
95,2005,4548
7,2005,11402
111,2005,645
29,2005,29412
33,2005,1888
101,2005,149969
9,2005,4098
35,2005,244442
11,2005,6261
13,2005,282910
15,2005,17022
0,2005,4662534
81,2005,12965
107,2005,21453
57,2005,1492
55,2005,7823
39,2005,22259
65,2005,7284
63,2005,7998
99,2005,13510
109,2005,6284
5,2005,528214
123,2005,223432
53,2005,813
125,2005,9892
59,2005,523517
93,2005,16061
25,2005,5437
113,2005,7045
49,2005,13897
43,2005,46447
87,2005,27947
91,2005,4084
103,2005,5818
57,2004,1521
81,2004,13063
85,2004,36131
21,2004,8501
119,2004,22218
25,2004,5432
61,2004,1523
53,2004,831
99,2004,13656
19,2004,9461
63,2004,8257
69,2004,273269
11,2004,6357
43,2004,46540
29,2004,29453
107,2004,21293
73,2004,5907
87,2004,27912
33,2004,1873
65,2004,7416
103,2004,5904
67,2004,46926
23,2004,3802
77,2004,126626
9,2004,4166
79,2004,842
83,2004,24607
97,2004,16077
0,2004,4608811
15,2004,16946
93,2004,15913
3,2004,15406
39,2004,22041
95,2004,4580
31,2004,560230
5,2004,523715
59,2004,524876
105,2004,12824
51,2004,14230
45,2004,48156
17,2004,2070
115,2004,2606
14,2004,46406
71,2004,15700
37,2004,46485
101,2004,148720
47,2004,4825
121,2004,5060
27,2004,3984
75,2004,22181
117,2004,26707
111,2004,635
7,2004,11171
35,2004,233646
1,2004,385945
13,2004,283288
55,2004,7729
41,2004,558455
89,2004,19561
125,2004,9885
109,2004,6240
123,2004,214069
49,2004,13912
113,2004,7027
91,2004,4023
33,2003,1879
59,2003,525429
39,2003,21933
7,2003,10964
97,2003,16275
119,2003,22218
55,2003,8042
0,2003,4555084
95,2003,4477
19,2003,9517
23,2003,3800
89,2003,19667
103,2003,5855
83,2003,24378
5,2003,516354
105,2003,12619
17,2003,2119
71,2003,16089
121,2003,5140
47,2003,4851
31,2003,560348
27,2003,3934
11,2003,6653
57,2003,1586
43,2003,46828
1,2003,377665
123,2003,207157
91,2003,3905
113,2003,7010
67,2003,46447
25,2003,5156
99,2003,13822
81,2003,13054
87,2003,27855
73,2003,6052
63,2003,8185
65,2003,7520
29,2003,29061
61,2003,1548
21,2003,8387
41,2003,551668
69,2003,268146
49,2003,13688
109,2003,6279
13,2003,282763
53,2003,784
111,2003,615
35,2003,221146
101,2003,147972
75,2003,22371
37,2003,45758
45,2003,47484
85,2003,35640
51,2003,14206
15,2003,16794
3,2003,15360
115,2003,2715
93,2003,15789
125,2003,10093
117,2003,26706
79,2003,830
107,2003,21128
9,2003,4258
14,2003,44960
77,2003,124152
87,2002,27662
107,2002,20892
111,2002,599
113,2002,7042
1,2002,371181
79,2002,805
109,2002,6245
91,2002,3903
49,2002,13461
15,2002,16646
123,2002,198975
89,2002,19624
69,2002,266171
13,2002,284433
11,2002,6203
43,2002,46969
101,2002,146481
55,2002,7916
35,2002,209705
27,2002,3783
75,2002,22095
31,2002,559090
121,2002,5259
47,2002,4830
125,2002,9947
71,2002,15659
97,2002,16101
95,2002,4496
14,2002,42432
17,2002,2162
45,2002,46728
37,2002,45100
57,2002,1591
51,2002,14316
53,2002,806
105,2002,12409
5,2002,510503
9,2002,4315
59,2002,527539
115,2002,2694
77,2002,121787
93,2002,15417
67,2002,46089
3,2002,15266
83,2002,24109
117,2002,26514
103,2002,5936
85,2002,34926
63,2002,8289
7,2002,10700
23,2002,3734
29,2002,28778
39,2002,21604
33,2002,1880
65,2002,7726
73,2002,6047
61,2002,1566
81,2002,13134
99,2002,14011
41,2002,545240
19,2002,9466
0,2002,4504709
25,2002,5344
119,2002,21989
21,2002,8389
99,2001,14109
11,2001,5882
87,2001,27475
53,2001,804
89,2001,19900
107,2001,20436
125,2001,9831
1,2001,359437
73,2001,6076
51,2001,14345
113,2001,6900
39,2001,21294
61,2001,1606
81,2001,13089
109,2001,6083
15,2001,16410
121,2001,4899
29,2001,28387
63,2001,8073
123,2001,192482
105,2001,12406
9,2001,4447
13,2001,283510
83,2001,23873
79,2001,820
77,2001,119864
5,2001,501671
25,2001,5253
49,2001,13283
115,2001,2694
43,2001,46733
91,2001,3809
95,2001,4487
69,2001,260911
3,2001,15231
85,2001,34442
67,2001,45645
27,2001,3730
33,2001,1865
23,2001,3741
75,2001,22354
21,2001,8365
7,2001,10465
93,2001,15172
31,2001,563300
101,2001,143996
119,2001,21738
57,2001,1590
47,2001,4829
41,2001,536336
71,2001,15310
97,2001,16184
117,2001,26293
35,2001,199038
65,2001,7821
103,2001,5880
111,2001,566
17,2001,2173
55,2001,7905
19,2001,9464
45,2001,45907
59,2001,528067
14,2001,41387
37,2001,44440
0,2001,4444513
71,2000,15286
17,2000,2214
67,2000,44578
1,2000,351734
5,2000,490722
57,2000,1574
85,2000,33579
47,2000,4807
9,2000,4500
31,2000,556740
87,2000,27250
123,2000,183074
113,2000,6614
37,2000,43288
25,2000,5128
99,2000,14452
73,2000,6164
33,2000,1847
65,2000,7939
89,2000,20244
21,2000,8407
13,2000,276254
109,2000,5982
111,2000,574
75,2000,20656
119,2000,21067
97,2000,15763
45,2000,44239
125,2000,9815
7,2000,10042
117,2000,25708
93,2000,14728
69,2000,253087
3,2000,15097
107,2000,20122
77,2000,117649
63,2000,7975
103,2000,5967
55,2000,7826
49,2000,12852
51,2000,13988
19,2000,9360
14,2000,0
53,2000,792
79,2000,836
115,2000,2742
23,2000,3673
35,2000,180511
11,2000,5966
27,2000,3518
95,2000,4451
61,2000,1612
29,2000,27910
15,2000,16312
81,2000,13182
43,2000,46369
91,2000,3776
39,2000,20102
105,2000,12429
41,2000,519803
101,2000,141854
83,2000,23852
121,2000,4942
59,2000,526716
0,2000,4338785
71,1999,15138
59,1999,520811
21,1999,8313
11,1999,6001
1,1999,355309
89,1999,20408
9,1999,4522
31,1999,545515
61,1999,1626
7,1999,9570
95,1999,4519
91,1999,3627
39,1999,19086
65,1999,7819
87,1999,26954
63,1999,7901
17,1999,2276
33,1999,1810
73,1999,6088
43,1999,45135
0,1999,4216006
101,1999,139718
81,1999,13026
123,1999,177267
49,1999,11996
113,1999,6531
35,1999,162324
25,1999,5002
5,1999,481307
99,1999,14372
15,1999,15935
23,1999,3680
117,1999,22568
103,1999,6093
55,1999,7830
19,1999,9186
57,1999,1580
45,1999,42694
111,1999,552
29,1999,27408
97,1999,14827
51,1999,13736
3,1999,14825
75,1999,20294
53,1999,787
93,1999,13904
37,1999,39910
69,1999,246158
107,1999,19232
41,1999,508809
79,1999,807
105,1999,12288
85,1999,32750
47,1999,4538
115,1999,2718
67,1999,42757
83,1999,23518
27,1999,3357
77,1999,114570
109,1999,5772
119,1999,20184
13,1999,283928
125,1999,9818
121,1999,5022
103,1998,6230
79,1998,778
57,1998,1591
49,1998,11411
93,1998,13061
115,1998,2679
125,1998,9806
7,1998,9133
35,1998,144352
23,1998,3708
117,1998,21285
37,1998,37611
45,1998,41225
97,1998,14777
75,1998,20001
5,1998,472406
3,1998,14621
109,1998,5564
27,1998,3174
0,1998,4102500
13,1998,274121
21,1998,8186
119,1998,19671
61,1998,1655
65,1998,7827
33,1998,1764
121,1998,5155
81,1998,12810
73,1998,6106
89,1998,20507
25,1998,4283
53,1998,775
99,1998,14223
113,1998,6452
123,1998,172393
1,1998,344025
43,1998,43817
15,1998,15528
87,1998,26666
91,1998,3457
95,1998,4565
9,1998,4531
31,1998,533409
41,1998,498018
67,1998,41170
71,1998,15050
47,1998,4241
105,1998,12117
17,1998,2340
29,1998,26827
59,1998,512482
85,1998,31833
111,1998,552
101,1998,137381
69,1998,239080
83,1998,23114
39,1998,18030
107,1998,18605
19,1998,9005
51,1998,13444
11,1998,6001
63,1998,7756
77,1998,112335
55,1998,7780
31,1997,527442
115,1997,2730
19,1997,8880
65,1997,7870
13,1997,266064
0,1997,3995955
21,1997,8104
79,1997,745
71,1997,15048
41,1997,486808
27,1997,3060
109,1997,5492
39,1997,16987
47,1997,4035
3,1997,14478
17,1997,2297
97,1997,14796
103,1997,6320
105,1997,11968
51,1997,12396
59,1997,504230
23,1997,3641
75,1997,20006
117,1997,20352
85,1997,31251
29,1997,26001
67,1997,40319
93,1997,12364
55,1997,7667
125,1997,9655
101,1997,134794
89,1997,20763
25,1997,4299
49,1997,10960
35,1997,129329
99,1997,14118
73,1997,6092
7,1997,8528
113,1997,5952
53,1997,739
63,1997,7601
45,1997,38887
1,1997,332750
81,1997,12573
121,1997,5214
111,1997,572
43,1997,42854
83,1997,22974
33,1997,1674
9,1997,4560
11,1997,5643
95,1997,4575
69,1997,232800
119,1997,19069
57,1997,1599
91,1997,3324
15,1997,15409
77,1997,109762
123,1997,166839
87,1997,26650
37,1997,35206
61,1997,1660
5,1997,459061
107,1997,18119
41,1996,476988
87,1996,26048
117,1996,19396
15,1996,15124
111,1996,591
71,1996,14974
31,1996,518260
123,1996,161805
95,1996,4502
47,1996,3789
113,1996,5798
99,1996,14009
25,1996,4262
73,1996,6113
119,1996,18134
65,1996,7554
37,1996,32928
13,1996,261769
21,1996,8021
109,1996,5426
33,1996,1645
97,1996,14548
75,1996,19664
39,1996,15812
67,1996,39700
7,1996,7929
45,1996,37678
11,1996,5625
93,1996,11382
49,1996,10512
55,1996,7395
77,1996,107536
63,1996,7479
19,1996,8722
107,1996,17719
51,1996,12241
79,1996,735
115,1996,2681
35,1996,114713
27,1996,2850
23,1996,3586
81,1996,12285
61,1996,1662
43,1996,41831
91,1996,3256
105,1996,11822
29,1996,25718
101,1996,132502
83,1996,22645
121,1996,5224
17,1996,2284
69,1996,227251
0,1996,3902506
5,1996,451067
125,1996,9521
53,1996,710
57,1996,1593
85,1996,30482
59,1996,498048
103,1996,6342
3,1996,14319
89,1996,20738
9,1996,4524
1,1996,323039
121,1995,5236
83,1995,22159
101,1995,130831
105,1995,11695
29,1995,25193
59,1995,491314
91,1995,3080
43,1995,40520
23,1995,3521
61,1995,1638
53,1995,657
81,1995,12189
27,1995,2621
19,1995,8686
35,1995,103836
51,1995,11982
115,1995,2652
79,1995,669
107,1995,17257
0,1995,3811078
63,1995,7413
77,1995,105412
55,1995,7159
117,1995,18274
103,1995,6400
49,1995,9952
93,1995,10575
67,1995,38760
45,1995,36417
7,1995,7110
11,1995,5555
39,1995,14325
33,1995,1557
75,1995,19372
97,1995,14652
87,1995,25367
3,1995,14103
119,1995,16979
109,1995,5273
21,1995,7877
13,1995,257502
65,1995,7148
73,1995,5984
25,1995,4220
99,1995,13822
1,1995,312587
89,1995,20698
47,1995,3670
37,1995,30882
113,1995,5489
41,1995,469692
95,1995,4477
123,1995,157174
5,1995,442542
71,1995,14907
31,1995,507720
111,1995,581
15,1995,14659
85,1995,29669
57,1995,1613
125,1995,9446
9,1995,4432
69,1995,221626
17,1995,2270
93,1994,9526
47,1994,3499
67,1994,36904
23,1994,3379
111,1994,558
71,1994,14753
5,1994,436413
123,1994,151375
113,1994,5308
37,1994,29026
25,1994,4213
73,1994,5936
65,1994,6378
21,1994,7746
109,1994,4943
75,1994,18831
33,1994,1500
11,1994,5401
7,1994,6538
45,1994,34496
39,1994,12846
49,1994,9348
77,1994,102757
63,1994,7340
107,1994,16619
115,1994,2660
79,1994,648
35,1994,92530
0,1994,3712085
19,1994,8460
27,1994,2414
81,1994,11997
61,1994,1698
43,1994,38711
105,1994,11466
83,1994,21390
121,1994,5220
17,1994,2297
9,1994,4387
125,1994,9278
85,1994,28505
59,1994,483432
3,1994,13826
103,1994,6318
87,1994,25078
117,1994,17107
15,1994,14104
29,1994,24343
1,1994,300793
53,1994,614
89,1994,20489
41,1994,456506
57,1994,1646
101,1994,128721
91,1994,2904
51,1994,11667
55,1994,6914
119,1994,15786
13,1994,252726
99,1994,13693
95,1994,4403
69,1994,214930
31,1994,504252
97,1994,14539
45,1993,32579
49,1993,8930
19,1993,8039
31,1993,501336
35,1993,83128
79,1993,603
93,1993,8575
55,1993,6443
77,1993,99901
63,1993,7262
37,1993,26834
3,1993,13656
107,1993,15925
115,1993,2650
39,1993,11535
69,1993,206849
59,1993,476206
85,1993,27284
71,1993,14215
5,1993,427474
97,1993,14060
41,1993,437127
1,1993,290782
123,1993,145779
113,1993,4869
47,1993,3372
57,1993,1628
29,1993,23237
95,1993,4373
121,1993,5139
125,1993,9172
9,1993,4325
117,1993,15189
99,1993,13420
17,1993,2307
25,1993,4140
83,1993,20645
15,1993,13702
73,1993,5882
11,1993,5357
65,1993,6265
101,1993,126356
53,1993,535
13,1993,247282
21,1993,7641
105,1993,11210
109,1993,4831
89,1993,20435
91,1993,2652
23,1993,3342
119,1993,14734
67,1993,35595
43,1993,36504
0,1993,3605050
75,1993,17965
61,1993,1700
81,1993,11797
103,1993,6261
33,1993,1426
27,1993,2322
87,1993,24238
51,1993,11306
111,1993,541
7,1993,6183
95,1992,4230
45,1992,31348
49,1992,8605
111,1992,575
11,1992,5037
19,1992,7834
21,1992,7513
99,1992,13102
9,1992,4298
27,1992,2139
79,1992,582
87,1992,23486
75,1992,17567
93,1992,8089
35,1992,75360
55,1992,6182
47,1992,3239
77,1992,97408
25,1992,4140
15,1992,13119
3,1992,13572
37,1992,24938
17,1992,2407
109,1992,4796
107,1992,15153
0,1992,3489860
7,1992,5888
115,1992,2633
117,1992,13845
63,1992,7234
73,1992,5972
31,1992,488265
67,1992,34430
91,1992,2533
97,1992,13365
59,1992,463534
83,1992,19654
71,1992,14034
103,1992,6177
85,1992,26219
61,1992,1700
39,1992,10764
5,1992,417678
33,1992,1401
123,1992,140128
23,1992,3196
41,1992,422819
119,1992,13673
101,1992,124412
113,1992,4563
1,1992,281386
51,1992,10771
65,1992,6208
69,1992,199664
53,1992,504
13,1992,238392
57,1992,1577
43,1992,33818
81,1992,11697
121,1992,4892
89,1992,20293
105,1992,10944
125,1992,9008
29,1992,21870
85,1991,25272
117,1991,13469
87,1991,22703
103,1991,6024
89,1991,20374
53,1991,449
3,1991,13641
0,1991,3380938
59,1991,449663
41,1991,405951
39,1991,10267
121,1991,4784
23,1991,3264
57,1991,1560
125,1991,9007
9,1991,4438
17,1991,2477
83,1991,19062
101,1991,123482
105,1991,10842
91,1991,2414
43,1991,32236
61,1991,1682
81,1991,11453
51,1991,10413
27,1991,2010
19,1991,7663
79,1991,571
37,1991,23459
107,1991,14729
115,1991,2668
35,1991,66688
63,1991,7156
77,1991,95990
55,1991,6060
93,1991,7699
49,1991,8391
45,1991,31228
7,1991,5624
33,1991,1432
75,1991,17499
119,1991,12717
109,1991,4735
21,1991,7535
65,1991,6136
47,1991,3091
13,1991,230977
73,1991,5432
25,1991,3974
99,1991,12961
11,1991,4965
95,1991,4201
113,1991,4124
123,1991,135739
5,1991,403200
31,1991,475184
71,1991,13816
67,1991,33411
111,1991,703
69,1991,193546
15,1991,12866
29,1991,21227
1,1991,273620
97,1991,12984
117,1990,13059
81,1990,11399
105,1990,10746
61,1990,1678
95,1990,4185
15,1990,12688
125,1990,8925
57,1990,1592
65,1990,6028
121,1990,4768
27,1990,1947
69,1990,187046
113,1990,3726
41,1990,397289
23,1990,3182
51,1990,10316
123,1990,131981
3,1990,13597
97,1990,12714
0,1990,3303377
13,1990,226042
5,1990,393708
31,1990,466998
103,1990,5942
43,1990,32230
85,1990,24466
101,1990,123053
7,1990,5378
47,1990,3073
83,1990,18706
75,1990,17508
11,1990,5023
87,1990,21933
63,1990,7128
71,1990,13746
35,1990,61614
73,1990,4514
119,1990,12535
53,1990,469
115,1990,2674
37,1990,22182
55,1990,5975
39,1990,9754
17,1990,2396
77,1990,93727
89,1990,20110
107,1990,14216
25,1990,3927
67,1990,32453
109,1990,4642
33,1990,1507
93,1990,7224
29,1990,21036
9,1990,4516
79,1990,551
91,1990,2306
19,1990,7628
59,1990,439524
49,1990,8010
111,1990,750
1,1990,266205
99,1990,13329
45,1990,30338
21,1990,7465
59,1989,435905
27,1989,1947
55,1989,6130
111,1989,746
21,1989,7623
7,1989,5196
1,1989,266771
119,1989,12474
33,1989,1541
81,1989,11526
61,1989,1698
121,1989,4951
43,1989,32114
75,1989,17725
109,1989,4639
3,1989,13660
91,1989,2262
23,1989,3277
11,1989,5210
65,1989,5896
69,1989,183598
105,1989,11109
101,1989,123363
13,1989,222354
9,1989,4629
83,1989,18432
31,1989,472785
73,1989,4549
51,1989,10509
25,1989,3901
17,1989,2314
57,1989,1651
89,1989,20468
99,1989,13719
125,1989,9211
97,1989,12415
95,1989,4249
0,1989,3284537
41,1989,396314
15,1989,12559
87,1989,21895
123,1989,131867
113,1989,3612
5,1989,389502
85,1989,24281
67,1989,31809
103,1989,6111
29,1989,21205
53,1989,476
117,1989,12718
63,1989,7201
35,1989,57164
115,1989,2734
37,1989,20881
71,1989,13960
47,1989,3114
107,1989,13950
77,1989,90593
93,1989,7054
79,1989,611
39,1989,9725
49,1989,8178
45,1989,28809
19,1989,7667
39,1988,9829
37,1988,19567
41,1988,395265
43,1988,31893
35,1988,53127
45,1988,27325
47,1988,3172
33,1988,1591
49,1988,8467
51,1988,10827
53,1988,489
31,1988,479622
55,1988,6292
57,1988,1713
29,1988,21502
59,1988,432429
61,1988,1711
27,1988,1976
63,1988,7280
65,1988,5750
25,1988,3842
67,1988,31179
69,1988,180220
23,1988,3397
71,1988,14222
73,1988,4577
75,1988,17932
21,1988,7854
77,1988,87288
79,1988,689
19,1988,7727
81,1988,11754
83,1988,18110
17,1988,2208
85,1988,24087
87,1988,21831
15,1988,12390
89,1988,20845
91,1988,2219
0,1988,3271448
93,1988,6893
13,1988,218380
95,1988,4332
97,1988,12092
99,1988,14231
11,1988,5432
101,1988,123737
103,1988,6299
9,1988,4728
105,1988,11578
107,1988,13765
7,1988,5004
109,1988,4663
111,1988,747
5,1988,386723
113,1988,3557
115,1988,2794
3,1988,13715
117,1988,12498
119,1988,12477
121,1988,5142
1,1988,269019
123,1988,131880
125,1988,9564
69,1987,178151
25,1987,3072
67,1987,30916
55,1987,6500
51,1987,10855
41,1987,392720
37,1987,19002
125,1987,9434
81,1987,11886
63,1987,7241
101,1987,122838
91,1987,2151
121,1987,5187
11,1987,5432
113,1987,3463
65,1987,6045
5,1987,388687
97,1987,12042
105,1987,11758
75,1987,17740
123,1987,131028
109,1987,4785
49,1987,8908
35,1987,48844
117,1987,12406
43,1987,31394
23,1987,3349
21,1987,8090
57,1987,1775
39,1987,9340
7,1987,5265
115,1987,2793
29,1987,21782
111,1987,811
87,1987,21678
99,1987,13986
47,1987,3279
95,1987,4411
53,1987,508
31,1987,490274
89,1987,20914
19,1987,7822
1,1987,269323
71,1987,14397
79,1987,738
83,1987,18192
27,1987,2050
61,1987,1758
9,1987,4559
119,1987,12458
59,1987,430187
103,1987,6428
45,1987,26387
33,1987,1494
13,1987,214222
0,1987,3263354
93,1987,6937
85,1987,23822
107,1987,13862
17,1987,2097
3,1987,13427
77,1987,85559
15,1987,12453
73,1987,4442
61,1986,1798
103,1986,6440
17,1986,2185
1,1986,268643
39,1986,8793
33,1986,1529
49,1986,9139
85,1986,23833
5,1986,387244
113,1986,3374
23,1986,3307
115,1986,2825
99,1986,14128
111,1986,754
37,1986,18853
71,1986,14113
27,1986,2075
59,1986,427070
13,1986,211841
93,1986,6860
67,1986,30790
73,1986,4431
3,1986,13336
41,1986,379304
125,1986,9583
63,1986,7373
11,1986,5729
75,1986,18167
117,1986,13274
109,1986,4598
29,1986,22353
7,1986,5335
91,1986,1999
65,1986,6450
43,1986,31130
35,1986,45654
21,1986,7947
57,1986,1708
101,1986,122365
97,1986,11968
77,1986,85562
55,1986,6752
107,1986,13863
25,1986,2985
45,1986,26191
119,1986,11800
79,1986,771
89,1986,21457
19,1986,8159
95,1986,4445
31,1986,497014
53,1986,468
123,1986,129749
81,1986,12679
15,1986,12473
87,1986,21508
51,1986,10890
83,1986,18835
105,1986,11906
69,1986,174980
0,1986,3243803
121,1986,5194
47,1986,3237
9,1986,4587
93,1985,6601
87,1985,22431
107,1985,14196
119,1985,11305
69,1985,170724
45,1985,25714
17,1985,2294
59,1985,421617
51,1985,10390
61,1985,1847
79,1985,836
83,1985,19283
23,1985,3363
71,1985,14241
27,1985,2066
47,1985,3081
89,1985,21760
25,1985,2997
33,1985,1548
19,1985,7936
9,1985,4873
31,1985,496431
123,1985,130400
111,1985,763
67,1985,31393
103,1985,6590
53,1985,472
95,1985,4421
81,1985,13286
99,1985,14374
5,1985,381244
115,1985,2991
105,1985,11546
65,1985,6789
91,1985,2130
7,1985,5213
37,1985,18029
39,1985,8560
43,1985,31366
113,1985,3189
29,1985,23466
109,1985,4400
49,1985,9212
63,1985,7547
21,1985,7776
75,1985,19063
15,1985,12349
57,1985,1729
3,1985,13011
11,1985,5699
101,1985,121907
121,1985,5396
125,1985,9853
35,1985,40048
41,1985,368506
85,1985,24389
77,1985,88021
1,1985,268764
0,1985,3214448
117,1985,12865
73,1985,4588
13,1985,209444
55,1985,6809
97,1985,11316
37,1984,16771
5,1984,367287
65,1984,7163
113,1984,2969
25,1984,2893
95,1984,4430
93,1984,6747
41,1984,354753
0,1984,3174844
125,1984,9935
11,1984,5838
91,1984,2207
43,1984,31296
101,1984,122360
35,1984,36327
45,1984,25642
89,1984,21815
47,1984,3013
15,1984,12839
87,1984,22827
123,1984,128969
103,1984,6941
1,1984,265770
85,1984,24943
49,1984,8893
33,1984,1687
13,1984,210225
17,1984,2237
9,1984,5051
121,1984,5531
105,1984,11375
83,1984,19826
51,1984,10419
81,1984,14412
53,1984,580
31,1984,496672
19,1984,7747
79,1984,867
39,1984,8261
119,1984,10864
97,1984,10773
107,1984,14248
55,1984,6639
77,1984,93474
3,1984,12928
57,1984,1799
21,1984,7999
7,1984,4981
29,1984,24015
109,1984,4387
75,1984,19382
117,1984,12025
73,1984,4465
59,1984,413716
61,1984,1950
23,1984,3267
27,1984,1898
111,1984,916
71,1984,14714
115,1984,3195
69,1984,166500
63,1984,7812
99,1984,14307
67,1984,31072
11,1983,5972
113,1983,2914
99,1983,14104
7,1983,4989
95,1983,4688
9,1983,5276
111,1983,1009
101,1983,123434
3,1983,12643
51,1983,10375
19,1983,7723
69,1983,162804
39,1983,7997
89,1983,22291
27,1983,1767
87,1983,23286
67,1983,30845
23,1983,3276
15,1983,13211
79,1983,877
49,1983,8115
105,1983,11373
85,1983,25543
57,1983,1818
61,1983,1925
45,1983,28925
21,1983,7901
119,1983,10172
65,1983,7657
17,1983,2226
47,1983,3024
41,1983,341721
59,1983,406163
123,1983,127334
125,1983,10033
107,1983,13853
81,1983,15622
97,1983,10207
43,1983,31366
13,1983,204606
83,1983,19609
93,1983,6888
91,1983,2124
109,1983,4434
73,1983,4558
53,1983,559
33,1983,1789
0,1983,3137512
55,1983,6741
29,1983,23627
115,1983,3159
5,1983,349463
35,1983,33124
25,1983,3032
117,1983,10310
63,1983,7765
77,1983,96675
103,1983,7621
121,1983,5570
37,1983,15959
71,1983,15135
1,1983,267245
31,1983,503273
75,1983,19787
31,1982,498377
3,1982,12258
67,1982,29729
11,1982,5767
97,1982,10036
83,1982,18550
57,1982,2057
101,1982,123756
109,1982,4201
125,1982,9899
21,1982,7713
29,1982,23433
43,1982,30343
115,1982,3201
7,1982,4196
121,1982,5392
51,1982,10619
87,1982,22700
49,1982,8113
9,1982,5330
15,1982,13417
113,1982,2999
69,1982,158719
81,1982,14887
103,1982,7272
85,1982,25245
47,1982,2776
53,1982,478
123,1982,124358
71,1982,15160
5,1982,334909
25,1982,2909
111,1982,1147
105,1982,11092
19,1982,7421
27,1982,1621
89,1982,22355
95,1982,4561
99,1982,13363
79,1982,864
23,1982,3125
65,1982,8425
61,1982,1927
119,1982,9314
41,1982,331738
107,1982,13758
33,1982,1682
45,1982,29029
17,1982,2240
59,1982,398695
39,1982,7500
37,1982,15378
73,1982,4495
93,1982,6399
0,1982,3064868
55,1982,6523
63,1982,7570
1,1982,260136
35,1982,29927
117,1982,10017
77,1982,93831
13,1982,200177
75,1982,19649
91,1982,2110
33,1981,1680
123,1981,124027
113,1981,3168
121,1981,5217
105,1981,10856
13,1981,194914
87,1981,22435
83,1981,17595
51,1981,10669
53,1981,455
15,1981,13561
81,1981,13665
69,1981,153793
47,1981,2620
0,1981,2980340
31,1981,495990
89,1981,22523
19,1981,7514
79,1981,910
119,1981,8635
107,1981,13473
63,1981,7513
45,1981,24940
55,1981,6326
35,1981,27515
77,1981,87073
91,1981,2056
3,1981,12184
57,1981,2022
101,1981,124797
21,1981,7703
43,1981,29521
7,1981,4012
125,1981,9753
5,1981,315543
29,1981,22479
67,1981,28531
109,1981,4106
11,1981,5941
75,1981,19780
97,1981,9924
117,1981,9234
93,1981,5975
73,1981,4508
59,1981,386410
65,1981,8979
41,1981,322174
61,1981,1995
37,1981,13772
23,1981,3062
95,1981,4495
27,1981,1563
111,1981,976
25,1981,2962
71,1981,15123
99,1981,13092
39,1981,7122
85,1981,25031
49,1981,7748
115,1981,3217
17,1981,2209
1,1981,253031
103,1981,6886
9,1981,5357
61,1980,1948
117,1980,8926
111,1980,862
51,1980,10686
19,1980,7349
35,1980,25627
25,1980,2983
73,1980,4632
41,1980,311995
77,1980,82644
99,1980,13075
31,1980,493385
69,1980,150115
89,1980,22559
103,1980,6381
71,1980,14943
91,1980,1951
121,1980,5287
123,1980,123564
37,1980,13411
1,1980,247377
67,1980,27464
13,1980,190695
47,1980,2477
79,1980,825
119,1980,8155
85,1980,24490
23,1980,3069
81,1980,13240
49,1980,7530
33,1980,1662
53,1980,417
93,1980,5461
115,1980,3256
7,1980,3734
59,1980,374709
75,1980,19797
125,1980,9697
97,1980,10256
83,1980,16728
43,1980,28847
45,1980,23000
95,1980,4533
29,1980,21477
107,1980,13419
21,1980,7776
113,1980,3187
55,1980,6417
15,1980,13295
109,1980,3969
87,1980,22498
101,1980,125745
0,1980,2908036
65,1980,8861
63,1980,7582
57,1980,1895
27,1980,1535
11,1980,5944
9,1980,5407
105,1980,10581
3,1980,11877
5,1980,297761
17,1980,2164
39,1980,6904
77,1979,76703
75,1979,19272
17,1979,2175
65,1979,8847
91,1979,1989
117,1979,8563
93,1979,4553
9,1979,5465
119,1979,7888
45,1979,21621
73,1979,4560
79,1979,791
59,1979,369693
87,1979,21865
0,1979,2850234
107,1979,12976
61,1979,1868
103,1979,6054
115,1979,3413
35,1979,23101
41,1979,309369
37,1979,13283
97,1979,10533
23,1979,3153
1,1979,246063
47,1979,2231
13,1979,187199
95,1979,4423
105,1979,10575
15,1979,13019
25,1979,2818
69,1979,145531
51,1979,9967
27,1979,1558
63,1979,7586
99,1979,13397
111,1979,850
121,1979,4871
19,1979,6990
55,1979,6556
33,1979,1514
31,1979,496263
71,1979,14617
89,1979,22574
67,1979,26401
81,1979,12532
123,1979,120243
85,1979,23441
43,1979,28590
53,1979,504
7,1979,3857
125,1979,9619
83,1979,16279
101,1979,125933
49,1979,7208
29,1979,20644
21,1979,7790
39,1979,6201
109,1979,3952
5,1979,278439
113,1979,2862
11,1979,6008
57,1979,1771
3,1979,11623
83,1978,15356
13,1978,183474
99,1978,13271
95,1978,4362
93,1978,4006
11,1978,5887
101,1978,123937
91,1978,1984
15,1978,12583
89,1978,22781
87,1978,21386
103,1978,5470
85,1978,22791
17,1978,2125
9,1978,5513
105,1978,10535
81,1978,10717
19,1978,6605
107,1978,11796
79,1978,832
77,1978,70851
21,1978,7856
7,1978,3684
109,1978,4231
75,1978,19359
73,1978,4583
23,1978,3243
111,1978,956
39,1978,5595
71,1978,14922
69,1978,137739
0,1978,2766084
25,1978,2932
113,1978,2890
67,1978,26411
65,1978,8736
5,1978,261140
115,1978,3375
63,1978,7483
27,1978,1355
61,1978,1786
59,1978,355220
117,1978,7989
29,1978,19591
57,1978,1801
3,1978,11572
119,1978,6995
55,1978,6712
31,1978,496054
53,1978,490
51,1978,9568
121,1978,4835
33,1978,1519
49,1978,6904
1,1978,239634
123,1978,114905
47,1978,2102
35,1978,20787
45,1978,19963
43,1978,27032
125,1978,9157
41,1978,305048
37,1978,12872
97,1978,10796
0,1977,2676220
23,1977,3153
111,1977,886
37,1977,12083
101,1977,123725
125,1977,9196
115,1977,3324
81,1977,10438
63,1977,7671
25,1977,3137
1,1977,226135
97,1977,10225
65,1977,8757
99,1977,13505
61,1977,1875
27,1977,1253
107,1977,10656
123,1977,111944
47,1977,1973
29,1977,19080
3,1977,11338
49,1977,6568
79,1977,816
95,1977,4379
85,1977,21968
11,1977,6129
7,1977,3604
55,1977,6676
69,1977,131164
5,1977,240684
51,1977,9258
119,1977,6405
57,1977,1681
77,1977,67294
59,1977,337136
45,1977,18992
31,1977,496702
15,1977,12486
13,1977,177978
105,1977,10501
53,1977,466
73,1977,4740
83,1977,15087
113,1977,2760
17,1977,2051
9,1977,5527
19,1977,6165
89,1977,23246
121,1977,4975
21,1977,7914
117,1977,7232
91,1977,1923
43,1977,26512
33,1977,1467
71,1977,15352
41,1977,298720
35,1977,17614
93,1977,3520
75,1977,19503
39,1977,5334
109,1977,4039
103,1977,5109
87,1977,21553
67,1977,24636
119,1976,6058
87,1976,21450
89,1976,23845
43,1976,26288
29,1976,18477
53,1976,409
45,1976,18392
69,1976,123413
67,1976,23854
7,1976,3439
39,1976,5277
15,1976,12043
21,1976,7818
97,1976,9658
123,1976,109989
71,1976,15624
105,1976,10593
57,1976,1708
121,1976,5207
125,1976,8856
65,1976,8872
27,1976,1200
77,1976,65277
93,1976,3329
3,1976,11611
111,1976,852
51,1976,9079
95,1976,4394
37,1976,11432
115,1976,3348
35,1976,15797
55,1976,6734
79,1976,812
83,1976,14789
103,1976,5056
23,1976,3102
25,1976,3184
47,1976,1881
13,1976,170416
1,1976,222739
61,1976,2019
0,1976,2618311
41,1976,289357
49,1976,6501
5,1976,228736
63,1976,7747
81,1976,9767
107,1976,10112
11,1976,6245
85,1976,21293
101,1976,124789
31,1976,501128
99,1976,13655
59,1976,325430
17,1976,2218
73,1976,4901
113,1976,2684
9,1976,5694
19,1976,6159
117,1976,6476
91,1976,1968
33,1976,1566
75,1976,19529
109,1976,4035
115,1975,3374
119,1975,5779
39,1975,4919
107,1975,9497
53,1975,353
69,1975,120907
55,1975,6630
41,1975,291339
81,1975,9699
31,1975,499371
19,1975,6005
101,1975,125520
97,1975,8987
123,1975,108841
43,1975,26228
15,1975,12024
125,1975,8750
111,1975,841
103,1975,5086
25,1975,3307
23,1975,3114
71,1975,15632
1,1975,216880
87,1975,21729
61,1975,2051
49,1975,6446
17,1975,2224
7,1975,3390
113,1975,2430
85,1975,20468
63,1975,7661
73,1975,4982
59,1975,312469
5,1975,218016
117,1975,5870
99,1975,13684
9,1975,5625
47,1975,1846
75,1975,19243
33,1975,1581
37,1975,10619
29,1975,18202
109,1975,4098
45,1975,18024
27,1975,1165
21,1975,8034
93,1975,3225
95,1975,4235
105,1975,10795
67,1975,23186
57,1975,1724
89,1975,23934
65,1975,8621
0,1975,2576902
121,1975,5135
35,1975,14647
77,1975,64569
3,1975,11658
11,1975,6337
51,1975,9396
13,1975,169181
79,1975,802
83,1975,14701
91,1975,1816
25,1974,3335
35,1974,13115
15,1974,11744
97,1974,8529
45,1974,17002
63,1974,7559
91,1974,1717
101,1974,124568
11,1974,6141
5,1974,208669
125,1974,8451
111,1974,834
23,1974,3112
61,1974,1994
113,1974,2449
7,1974,3149
65,1974,8505
73,1974,4885
59,1974,296686
117,1974,5555
75,1974,19386
29,1974,17185
99,1974,13456
109,1974,4076
27,1974,1164
21,1974,8030
57,1974,1852
67,1974,21971
77,1974,60393
3,1974,11511
79,1974,803
119,1974,5434
69,1974,119903
107,1974,8858
41,1974,294169
55,1974,6586
31,1974,514875
19,1974,5752
95,1974,3990
81,1974,8278
0,1974,2543764
115,1974,3298
53,1974,323
83,1974,14014
39,1974,4728
51,1974,9338
121,1974,5163
13,1974,166393
105,1974,10686
93,1974,2987
33,1974,1442
9,1974,5520
37,1974,10344
85,1974,19621
49,1974,6178
17,1974,2304
71,1974,15694
87,1974,21603
1,1974,214619
43,1974,25726
123,1974,108024
103,1974,4977
89,1974,23410
47,1974,1701
9,1973,5630
49,1973,6138
69,1973,112038
109,1973,3936
0,1973,2489591
89,1973,23574
29,1973,16465
17,1973,2294
3,1973,11538
71,1973,15703
57,1973,2122
43,1973,24731
33,1973,1559
101,1973,124232
87,1973,21595
15,1973,11554
27,1973,1152
25,1973,3255
75,1973,19437
99,1973,13444
13,1973,158937
35,1973,11707
1,1973,211148
45,1973,16438
23,1973,3197
93,1973,2938
51,1973,8746
5,1973,198369
117,1973,4838
111,1973,892
125,1973,8308
67,1973,21395
39,1973,4672
123,1973,104037
47,1973,1752
105,1973,10483
77,1973,58827
97,1973,8124
79,1973,777
59,1973,283938
19,1973,5727
21,1973,7901
115,1973,3310
85,1973,18769
81,1973,7504
91,1973,1664
31,1973,524014
73,1973,4822
121,1973,5171
95,1973,4020
7,1973,2945
103,1973,4837
113,1973,2276
55,1973,6648
41,1973,288885
37,1973,9541
107,1973,8658
11,1973,6020
53,1973,288
65,1973,8521
119,1973,5053
63,1973,7416
61,1973,2027
83,1973,13654
31,1972,520235
41,1972,265926
79,1972,838
101,1972,120677
69,1972,105812
67,1972,20046
3,1972,12104
99,1972,13362
121,1972,5431
77,1972,56975
57,1972,1985
45,1972,16008
65,1972,8448
89,1972,23422
105,1972,10361
21,1972,7780
109,1972,3938
9,1972,5675
51,1972,8442
29,1972,16016
33,1972,1544
35,1972,10324
75,1972,19131
27,1972,1227
117,1972,3982
25,1972,3195
59,1972,263598
0,1972,2378318
85,1972,18350
73,1972,4902
61,1972,2003
91,1972,1510
49,1972,5689
71,1972,15980
37,1972,8763
13,1972,149630
17,1972,2251
43,1972,23521
15,1972,11213
87,1972,21361
7,1972,2540
113,1972,2032
5,1972,182615
23,1972,3201
1,1972,201659
39,1972,4045
111,1972,777
125,1972,8279
123,1972,98492
93,1972,2756
97,1972,7434
19,1972,5846
115,1972,3354
11,1972,6359
81,1972,6923
47,1972,1515
63,1972,7394
55,1972,6357
95,1972,3968
103,1972,4601
107,1972,8016
53,1972,272
119,1972,4513
83,1972,13715
29,1971,15437
5,1971,169845
27,1971,1176
25,1971,3082
69,1971,96297
115,1971,3408
71,1971,16037
63,1971,7777
111,1971,788
23,1971,3037
7,1971,2556
61,1971,1994
73,1971,4963
117,1971,3308
75,1971,18996
59,1971,247090
109,1971,3855
0,1971,2284660
21,1971,7762
57,1971,2007
77,1971,55245
3,1971,11731
79,1971,824
119,1971,3696
99,1971,13339
107,1971,7295
55,1971,6274
31,1971,521213
19,1971,5689
81,1971,6744
83,1971,13393
53,1971,206
13,1971,139606
121,1971,5401
105,1971,10287
9,1971,5567
51,1971,8257
33,1971,1578
85,1971,18321
49,1971,4750
17,1971,2397
87,1971,20918
1,1971,192134
123,1971,92978
103,1971,4773
89,1971,22897
47,1971,1417
35,1971,9344
15,1971,10719
91,1971,1529
45,1971,15540
39,1971,3947
101,1971,119714
11,1971,6469
125,1971,8327
93,1971,2299
43,1971,22780
37,1971,8452
95,1971,3899
97,1971,6970
41,1971,248034
67,1971,19786
113,1971,2070
65,1971,8436
35,1970,8594
47,1970,1301
89,1970,23398
103,1970,4828
123,1970,90033
1,1970,187058
87,1970,20268
17,1970,2396
115,1970,3406
43,1970,22110
37,1970,7689
69,1970,91179
49,1970,4236
13,1970,133432
85,1970,18357
33,1970,1628
51,1970,7714
105,1970,10453
121,1970,5520
53,1970,203
95,1970,4085
25,1970,3085
83,1970,13040
19,1970,4993
81,1970,6569
27,1970,1131
9,1970,5653
31,1970,515985
55,1970,6527
99,1970,13274
107,1970,6733
119,1970,3392
5,1970,163683
41,1970,238384
79,1970,794
57,1970,1850
3,1970,11484
97,1970,6342
67,1970,19316
77,1970,54548
21,1970,7829
109,1970,3833
59,1970,237712
117,1970,2794
75,1970,18881
73,1970,4861
29,1970,15316
61,1970,2022
7,1970,2698
65,1970,8313
113,1970,1973
23,1970,3080
0,1970,2224610
111,1970,822
63,1970,7579
125,1970,8501
11,1970,6488
101,1970,118533
45,1970,14965
91,1970,1543
15,1970,10273
39,1970,3912
93,1970,2208
71,1970,15803
